{
  "project_info": {
    "project_number": "1029016105798",
    "project_id": "qrcode-1c96e",
    "storage_bucket": "qrcode-1c96e.appspot.com"
  },
  "client": [
    {
      "client_info": {
        "mobilesdk_app_id": "1:1029016105798:android:4a98b900a17a4b1181eb47",
        "android_client_info": {
          "package_name": "com.example.myapplication"
        }
      },
      "oauth_client": [
        {
          "client_id": "1029016105798-k2af26gof023sl4f4l942bp59nqgkaia.apps.googleusercontent.com",
          "client_type": 3
        }
      ],
      "api_key": [
        {
          "current_key": "AIzaSyCSet20jrmjZp5EzE37m9Ouv6vZDMbp5GU"
        }
      ],
      "services": {
        "appinvite_service": {
          "other_platform_oauth_client": [
            {
              "client_id": "1029016105798-k2af26gof023sl4f4l942bp59nqgkaia.apps.googleusercontent.com",
              "client_type": 3
            }
          ]
        }
      }
    }
  ],
  "configuration_version": "1"
}